<?xml version="1.0" encoding="UTF-8"?>
<export version="D">
  <design>
    <source>C:\Users\Clemens\Downloads\SPV_1040T_Prototyp\STS1_1040_SSC\STS1_PCB_TEMPLATE-master\STS1_template.sch</source>
    <date>17.11.2021 19:20:53</date>
    <tool>Eeschema (5.1.10)-1</tool>
    <sheet number="1" name="/" tstamps="/">
      <title_block>
        <title>STS1 template__SSC_1040</title>
        <company>TU Wien Space Team</company>
        <rev>1.0</rev>
        <date>21.02.2021</date>
        <source>STS1_template.sch</source>
        <comment number="1" value=""/>
        <comment number="2" value=""/>
        <comment number="3" value=""/>
        <comment number="4" value=""/>
      </title_block>
    </sheet>
    <sheet number="2" name="/STS1_connector/" tstamps="/59C45183/">
      <title_block>
        <title>STS1_connectors</title>
        <company>TU Wien Space Team</company>
        <rev>1.0</rev>
        <date>21.02.2021</date>
        <source>STS1_connector.sch</source>
        <comment number="1" value=""/>
        <comment number="2" value=""/>
        <comment number="3" value=""/>
        <comment number="4" value=""/>
      </title_block>
    </sheet>
  </design>
  <components>
    <comp ref="FID1">
      <value>Fiducial</value>
      <footprint>Fiducial:Fiducial_0.75mm_Mask1.5mm</footprint>
      <datasheet>~</datasheet>
      <libsource lib="Mechanical" part="Fiducial" description="Fiducial Marker"/>
      <sheetpath names="/" tstamps="/"/>
      <tstamp>602E47B3</tstamp>
    </comp>
    <comp ref="FID2">
      <value>Fiducial</value>
      <footprint>Fiducial:Fiducial_0.75mm_Mask1.5mm</footprint>
      <datasheet>~</datasheet>
      <libsource lib="Mechanical" part="Fiducial" description="Fiducial Marker"/>
      <sheetpath names="/" tstamps="/"/>
      <tstamp>602E4CE1</tstamp>
    </comp>
    <comp ref="FID3">
      <value>Fiducial</value>
      <footprint>Fiducial:Fiducial_0.75mm_Mask1.5mm</footprint>
      <datasheet>~</datasheet>
      <libsource lib="Mechanical" part="Fiducial" description="Fiducial Marker"/>
      <sheetpath names="/" tstamps="/"/>
      <tstamp>602E4F2B</tstamp>
    </comp>
    <comp ref="FID4">
      <value>Fiducial</value>
      <footprint>Fiducial:Fiducial_0.75mm_Mask1.5mm</footprint>
      <datasheet>~</datasheet>
      <libsource lib="Mechanical" part="Fiducial" description="Fiducial Marker"/>
      <sheetpath names="/" tstamps="/"/>
      <tstamp>602E5011</tstamp>
    </comp>
    <comp ref="H1">
      <value>MountingHole_Pad</value>
      <footprint>MountingHole:MountingHole_4.3mm_M4_Pad_Via</footprint>
      <datasheet>~</datasheet>
      <libsource lib="Mechanical" part="MountingHole_Pad" description="Mounting Hole with connection"/>
      <sheetpath names="/" tstamps="/"/>
      <tstamp>602E546E</tstamp>
    </comp>
    <comp ref="H2">
      <value>MountingHole_Pad</value>
      <footprint>MountingHole:MountingHole_4.3mm_M4_Pad_Via</footprint>
      <datasheet>~</datasheet>
      <libsource lib="Mechanical" part="MountingHole_Pad" description="Mounting Hole with connection"/>
      <sheetpath names="/" tstamps="/"/>
      <tstamp>602E5764</tstamp>
    </comp>
    <comp ref="H3">
      <value>MountingHole_Pad</value>
      <footprint>MountingHole:MountingHole_4.3mm_M4_Pad_Via</footprint>
      <datasheet>~</datasheet>
      <libsource lib="Mechanical" part="MountingHole_Pad" description="Mounting Hole with connection"/>
      <sheetpath names="/" tstamps="/"/>
      <tstamp>602E5AE8</tstamp>
    </comp>
    <comp ref="H4">
      <value>MountingHole_Pad</value>
      <footprint>MountingHole:MountingHole_4.3mm_M4_Pad_Via</footprint>
      <datasheet>~</datasheet>
      <libsource lib="Mechanical" part="MountingHole_Pad" description="Mounting Hole with connection"/>
      <sheetpath names="/" tstamps="/"/>
      <tstamp>602E5E41</tstamp>
    </comp>
    <comp ref="U1">
      <value>coordinate_system</value>
      <footprint>STS:Coordinates</footprint>
      <libsource lib="STS1_template-rescue" part="coordinate_system-STS-con" description=""/>
      <sheetpath names="/" tstamps="/"/>
      <tstamp>602F576D</tstamp>
    </comp>
    <comp ref="FID5">
      <value>Fiducial</value>
      <footprint>Fiducial:Fiducial_0.75mm_Mask1.5mm</footprint>
      <datasheet>~</datasheet>
      <libsource lib="Mechanical" part="Fiducial" description="Fiducial Marker"/>
      <sheetpath names="/" tstamps="/"/>
      <tstamp>618302CC</tstamp>
    </comp>
    <comp ref="FID6">
      <value>Fiducial</value>
      <footprint>Fiducial:Fiducial_0.75mm_Mask1.5mm</footprint>
      <datasheet>~</datasheet>
      <libsource lib="Mechanical" part="Fiducial" description="Fiducial Marker"/>
      <sheetpath names="/" tstamps="/"/>
      <tstamp>618302D2</tstamp>
    </comp>
    <comp ref="FID7">
      <value>Fiducial</value>
      <footprint>Fiducial:Fiducial_0.75mm_Mask1.5mm</footprint>
      <datasheet>~</datasheet>
      <libsource lib="Mechanical" part="Fiducial" description="Fiducial Marker"/>
      <sheetpath names="/" tstamps="/"/>
      <tstamp>618302D8</tstamp>
    </comp>
    <comp ref="FID8">
      <value>Fiducial</value>
      <footprint>Fiducial:Fiducial_0.75mm_Mask1.5mm</footprint>
      <datasheet>~</datasheet>
      <libsource lib="Mechanical" part="Fiducial" description="Fiducial Marker"/>
      <sheetpath names="/" tstamps="/"/>
      <tstamp>618302DE</tstamp>
    </comp>
    <comp ref="U3">
      <value>SPV1040T</value>
      <footprint>SPV1040T_KICAD:SOP65P640X120-8N</footprint>
      <fields>
        <field name="MANUFACTURER">ST Microelectronics</field>
        <field name="PARTREV">7</field>
        <field name="STANDARD">IPC7351B</field>
      </fields>
      <libsource lib="SPV1040T" part="SPV1040T" description=""/>
      <sheetpath names="/" tstamps="/"/>
      <tstamp>61941D78</tstamp>
    </comp>
    <comp ref="U2">
      <value>STPS120MF</value>
      <footprint>STPS120MF:STPS120MF</footprint>
      <libsource lib="STPS120MF" part="STPS120MF" description=""/>
      <sheetpath names="/" tstamps="/"/>
      <tstamp>61948EEF</tstamp>
    </comp>
    <comp ref="C2">
      <value>10µF</value>
      <footprint>Capacitor_Tantalum_SMD:CP_EIA-6032-28_Kemet-C</footprint>
      <datasheet>~</datasheet>
      <libsource lib="Device" part="C" description="Unpolarized capacitor"/>
      <sheetpath names="/" tstamps="/"/>
      <tstamp>6194C394</tstamp>
    </comp>
    <comp ref="L1">
      <value>10µH</value>
      <footprint>Inductor_SMD:L_Vishay_IHLP-4040</footprint>
      <datasheet>~</datasheet>
      <libsource lib="Device" part="L" description="Inductor"/>
      <sheetpath names="/" tstamps="/"/>
      <tstamp>61944C45</tstamp>
    </comp>
    <comp ref="R1">
      <value>1k</value>
      <footprint>Resistor_SMD:R_1206_3216Metric_Pad1.30x1.75mm_HandSolder</footprint>
      <datasheet>~</datasheet>
      <libsource lib="Device" part="R" description="Resistor"/>
      <sheetpath names="/" tstamps="/"/>
      <tstamp>6194CBB5</tstamp>
    </comp>
    <comp ref="C4">
      <value>1nF</value>
      <footprint>Capacitor_SMD:C_1210_3225Metric</footprint>
      <datasheet>~</datasheet>
      <libsource lib="Device" part="C" description="Unpolarized capacitor"/>
      <sheetpath names="/" tstamps="/"/>
      <tstamp>6194417A</tstamp>
    </comp>
    <comp ref="C1">
      <value>10µF</value>
      <footprint>Capacitor_Tantalum_SMD:CP_EIA-6032-28_Kemet-C</footprint>
      <datasheet>~</datasheet>
      <libsource lib="Device" part="C" description="Unpolarized capacitor"/>
      <sheetpath names="/" tstamps="/"/>
      <tstamp>6195ED76</tstamp>
    </comp>
    <comp ref="C5">
      <value>22µF</value>
      <footprint>Capacitor_Tantalum_SMD:CP_EIA-6032-15_Kemet-U_Pad2.25x2.35mm_HandSolder</footprint>
      <datasheet>~</datasheet>
      <libsource lib="Device" part="C" description="Unpolarized capacitor"/>
      <sheetpath names="/" tstamps="/"/>
      <tstamp>61967910</tstamp>
    </comp>
    <comp ref="R3">
      <value>1k</value>
      <footprint>Resistor_SMD:R_1206_3216Metric_Pad1.30x1.75mm_HandSolder</footprint>
      <datasheet>~</datasheet>
      <libsource lib="Device" part="R" description="Resistor"/>
      <sheetpath names="/" tstamps="/"/>
      <tstamp>619730FF</tstamp>
    </comp>
    <comp ref="R2">
      <value>1k</value>
      <footprint>Resistor_SMD:R_1206_3216Metric_Pad1.30x1.75mm_HandSolder</footprint>
      <datasheet>~</datasheet>
      <libsource lib="Device" part="R" description="Resistor"/>
      <sheetpath names="/" tstamps="/"/>
      <tstamp>6197F79E</tstamp>
    </comp>
    <comp ref="C3">
      <value>10µF</value>
      <footprint>Capacitor_Tantalum_SMD:CP_EIA-6032-28_Kemet-C</footprint>
      <datasheet>~</datasheet>
      <libsource lib="Device" part="C" description="Unpolarized capacitor"/>
      <sheetpath names="/" tstamps="/"/>
      <tstamp>61987428</tstamp>
    </comp>
    <comp ref="J1">
      <value>Screw_Terminal_01x02</value>
      <footprint>TerminalBlock_4Ucon:TerminalBlock_4Ucon_1x02_P3.50mm_Horizontal</footprint>
      <datasheet>~</datasheet>
      <libsource lib="Connector" part="Screw_Terminal_01x02" description="Generic screw terminal, single row, 01x02, script generated (kicad-library-utils/schlib/autogen/connector/)"/>
      <sheetpath names="/" tstamps="/"/>
      <tstamp>61918B2C</tstamp>
    </comp>
    <comp ref="J2">
      <value>Screw_Terminal_01x02</value>
      <footprint>TerminalBlock_4Ucon:TerminalBlock_4Ucon_1x02_P3.50mm_Horizontal</footprint>
      <datasheet>~</datasheet>
      <libsource lib="Connector" part="Screw_Terminal_01x02" description="Generic screw terminal, single row, 01x02, script generated (kicad-library-utils/schlib/autogen/connector/)"/>
      <sheetpath names="/" tstamps="/"/>
      <tstamp>619197FE</tstamp>
    </comp>
    <comp ref="C6">
      <value>1nF</value>
      <footprint>Capacitor_SMD:C_1210_3225Metric</footprint>
      <datasheet>~</datasheet>
      <libsource lib="Device" part="C" description="Unpolarized capacitor"/>
      <sheetpath names="/" tstamps="/"/>
      <tstamp>6196FB20</tstamp>
    </comp>
    <comp ref="R5">
      <value>1k</value>
      <footprint>Resistor_SMD:R_1206_3216Metric_Pad1.30x1.75mm_HandSolder</footprint>
      <datasheet>~</datasheet>
      <libsource lib="Device" part="R" description="Resistor"/>
      <sheetpath names="/" tstamps="/"/>
      <tstamp>6196D5A6</tstamp>
    </comp>
    <comp ref="CR1">
      <value>SMM4F5.0A-TR</value>
      <footprint>SMM4F5-0A:SMM4F5.0A-TR</footprint>
      <libsource lib="SMM4F5.0" part="SMM4F5.0A-TR" description=""/>
      <sheetpath names="/" tstamps="/"/>
      <tstamp>61949EF0</tstamp>
    </comp>
    <comp ref="R4">
      <value>3k</value>
      <footprint>Resistor_SMD:R_1206_3216Metric_Pad1.30x1.75mm_HandSolder</footprint>
      <datasheet>~</datasheet>
      <libsource lib="Device" part="R" description="Resistor"/>
      <sheetpath names="/" tstamps="/"/>
      <tstamp>61942D6C</tstamp>
    </comp>
    <comp ref="R6">
      <value>220m</value>
      <footprint>Resistor_SMD:R_1206_3216Metric_Pad1.30x1.75mm_HandSolder</footprint>
      <datasheet>~</datasheet>
      <libsource lib="Device" part="R" description="Resistor"/>
      <sheetpath names="/" tstamps="/"/>
      <tstamp>61955E86</tstamp>
    </comp>
    <comp ref="CSBI_1">
      <value>Conn_02x25_Odd_Even</value>
      <footprint>Connector_PinHeader_2.00mm:PinHeader_2x25_P2.00mm_Vertical</footprint>
      <datasheet>~</datasheet>
      <libsource lib="Connector_Generic" part="Conn_02x25_Odd_Even" description="Generic connector, double row, 02x25, odd/even pin numbering scheme (row 1 odd numbers, row 2 even numbers), script generated (kicad-library-utils/schlib/autogen/connector/)"/>
      <sheetpath names="/STS1_connector/" tstamps="/59C45183/"/>
      <tstamp>6179B797</tstamp>
    </comp>
    <comp ref="CSBI_2">
      <value>Conn_02x25_Odd_Even</value>
      <footprint>Connector_PinHeader_2.00mm:PinHeader_2x25_P2.00mm_Vertical</footprint>
      <datasheet>~</datasheet>
      <libsource lib="Connector_Generic" part="Conn_02x25_Odd_Even" description="Generic connector, double row, 02x25, odd/even pin numbering scheme (row 1 odd numbers, row 2 even numbers), script generated (kicad-library-utils/schlib/autogen/connector/)"/>
      <sheetpath names="/STS1_connector/" tstamps="/59C45183/"/>
      <tstamp>617AB6CD</tstamp>
    </comp>
  </components>
  <libparts>
    <libpart lib="Connector" part="Screw_Terminal_01x02">
      <description>Generic screw terminal, single row, 01x02, script generated (kicad-library-utils/schlib/autogen/connector/)</description>
      <docs>~</docs>
      <footprints>
        <fp>TerminalBlock*:*</fp>
      </footprints>
      <fields>
        <field name="Reference">J</field>
        <field name="Value">Screw_Terminal_01x02</field>
      </fields>
      <pins>
        <pin num="1" name="Pin_1" type="passive"/>
        <pin num="2" name="Pin_2" type="passive"/>
      </pins>
    </libpart>
    <libpart lib="Connector_Generic" part="Conn_02x25_Odd_Even">
      <description>Generic connector, double row, 02x25, odd/even pin numbering scheme (row 1 odd numbers, row 2 even numbers), script generated (kicad-library-utils/schlib/autogen/connector/)</description>
      <docs>~</docs>
      <footprints>
        <fp>Connector*:*_2x??_*</fp>
      </footprints>
      <fields>
        <field name="Reference">J</field>
        <field name="Value">Conn_02x25_Odd_Even</field>
      </fields>
      <pins>
        <pin num="1" name="Pin_1" type="passive"/>
        <pin num="2" name="Pin_2" type="passive"/>
        <pin num="3" name="Pin_3" type="passive"/>
        <pin num="4" name="Pin_4" type="passive"/>
        <pin num="5" name="Pin_5" type="passive"/>
        <pin num="6" name="Pin_6" type="passive"/>
        <pin num="7" name="Pin_7" type="passive"/>
        <pin num="8" name="Pin_8" type="passive"/>
        <pin num="9" name="Pin_9" type="passive"/>
        <pin num="10" name="Pin_10" type="passive"/>
        <pin num="11" name="Pin_11" type="passive"/>
        <pin num="12" name="Pin_12" type="passive"/>
        <pin num="13" name="Pin_13" type="passive"/>
        <pin num="14" name="Pin_14" type="passive"/>
        <pin num="15" name="Pin_15" type="passive"/>
        <pin num="16" name="Pin_16" type="passive"/>
        <pin num="17" name="Pin_17" type="passive"/>
        <pin num="18" name="Pin_18" type="passive"/>
        <pin num="19" name="Pin_19" type="passive"/>
        <pin num="20" name="Pin_20" type="passive"/>
        <pin num="21" name="Pin_21" type="passive"/>
        <pin num="22" name="Pin_22" type="passive"/>
        <pin num="23" name="Pin_23" type="passive"/>
        <pin num="24" name="Pin_24" type="passive"/>
        <pin num="25" name="Pin_25" type="passive"/>
        <pin num="26" name="Pin_26" type="passive"/>
        <pin num="27" name="Pin_27" type="passive"/>
        <pin num="28" name="Pin_28" type="passive"/>
        <pin num="29" name="Pin_29" type="passive"/>
        <pin num="30" name="Pin_30" type="passive"/>
        <pin num="31" name="Pin_31" type="passive"/>
        <pin num="32" name="Pin_32" type="passive"/>
        <pin num="33" name="Pin_33" type="passive"/>
        <pin num="34" name="Pin_34" type="passive"/>
        <pin num="35" name="Pin_35" type="passive"/>
        <pin num="36" name="Pin_36" type="passive"/>
        <pin num="37" name="Pin_37" type="passive"/>
        <pin num="38" name="Pin_38" type="passive"/>
        <pin num="39" name="Pin_39" type="passive"/>
        <pin num="40" name="Pin_40" type="passive"/>
        <pin num="41" name="Pin_41" type="passive"/>
        <pin num="42" name="Pin_42" type="passive"/>
        <pin num="43" name="Pin_43" type="passive"/>
        <pin num="44" name="Pin_44" type="passive"/>
        <pin num="45" name="Pin_45" type="passive"/>
        <pin num="46" name="Pin_46" type="passive"/>
        <pin num="47" name="Pin_47" type="passive"/>
        <pin num="48" name="Pin_48" type="passive"/>
        <pin num="49" name="Pin_49" type="passive"/>
        <pin num="50" name="Pin_50" type="passive"/>
      </pins>
    </libpart>
    <libpart lib="Device" part="C">
      <description>Unpolarized capacitor</description>
      <docs>~</docs>
      <footprints>
        <fp>C_*</fp>
      </footprints>
      <fields>
        <field name="Reference">C</field>
        <field name="Value">C</field>
      </fields>
      <pins>
        <pin num="1" name="~" type="passive"/>
        <pin num="2" name="~" type="passive"/>
      </pins>
    </libpart>
    <libpart lib="Device" part="L">
      <description>Inductor</description>
      <docs>~</docs>
      <footprints>
        <fp>Choke_*</fp>
        <fp>*Coil*</fp>
        <fp>Inductor_*</fp>
        <fp>L_*</fp>
      </footprints>
      <fields>
        <field name="Reference">L</field>
        <field name="Value">L</field>
      </fields>
      <pins>
        <pin num="1" name="1" type="passive"/>
        <pin num="2" name="2" type="passive"/>
      </pins>
    </libpart>
    <libpart lib="Device" part="R">
      <description>Resistor</description>
      <docs>~</docs>
      <footprints>
        <fp>R_*</fp>
      </footprints>
      <fields>
        <field name="Reference">R</field>
        <field name="Value">R</field>
      </fields>
      <pins>
        <pin num="1" name="~" type="passive"/>
        <pin num="2" name="~" type="passive"/>
      </pins>
    </libpart>
    <libpart lib="Mechanical" part="Fiducial">
      <description>Fiducial Marker</description>
      <docs>~</docs>
      <footprints>
        <fp>Fiducial*</fp>
      </footprints>
      <fields>
        <field name="Reference">FID</field>
        <field name="Value">Fiducial</field>
      </fields>
    </libpart>
    <libpart lib="Mechanical" part="MountingHole_Pad">
      <description>Mounting Hole with connection</description>
      <docs>~</docs>
      <footprints>
        <fp>MountingHole*Pad*</fp>
      </footprints>
      <fields>
        <field name="Reference">H</field>
        <field name="Value">MountingHole_Pad</field>
      </fields>
      <pins>
        <pin num="1" name="1" type="input"/>
      </pins>
    </libpart>
    <libpart lib="SMM4F5.0" part="SMM4F5.0A-TR">
      <footprints>
        <fp>CR_F5.0A-TR_STM</fp>
      </footprints>
      <fields>
        <field name="Reference">CR</field>
        <field name="Value">SMM4F5.0A-TR</field>
        <field name="Footprint">CR_F5.0A-TR_STM</field>
      </fields>
      <pins>
        <pin num="1" name="1" type="unspc"/>
        <pin num="2" name="2" type="unspc"/>
      </pins>
    </libpart>
    <libpart lib="SPV1040T" part="SPV1040T">
      <fields>
        <field name="Reference">U</field>
        <field name="Value">SPV1040T</field>
        <field name="Footprint">SOP65P640X120-8N</field>
        <field name="MANUFACTURER">ST Microelectronics</field>
        <field name="PARTREV">7</field>
        <field name="STANDARD">IPC7351B</field>
      </fields>
      <pins>
        <pin num="1" name="MPPT-SET" type="input"/>
        <pin num="2" name="GND" type="power_in"/>
        <pin num="3" name="LX" type="input"/>
        <pin num="4" name="VOUT" type="output"/>
        <pin num="5" name="VCTRL" type="input"/>
        <pin num="6" name="ICTRL_MINUS" type="input"/>
        <pin num="7" name="ICTRL_PLUS" type="input"/>
        <pin num="8" name="XSHUT" type="input"/>
      </pins>
    </libpart>
    <libpart lib="STPS120MF" part="STPS120MF">
      <footprints>
        <fp>STMITE-FLAT_DO222-AA_STM</fp>
      </footprints>
      <fields>
        <field name="Reference">U</field>
        <field name="Value">STPS120MF</field>
        <field name="Footprint">STMITE-FLAT_DO222-AA_STM</field>
      </fields>
      <pins>
        <pin num="1" name="1" type="unspc"/>
        <pin num="2" name="2" type="unspc"/>
      </pins>
    </libpart>
    <libpart lib="STS1_template-rescue" part="coordinate_system-STS-con">
      <fields>
        <field name="Reference">U</field>
        <field name="Value">coordinate_system-STS-con</field>
        <field name="Footprint">cubesatFunkmodul:Coordinates</field>
      </fields>
    </libpart>
  </libparts>
  <libraries>
    <library logical="Connector">
      <uri>C:\Program Files\KiCad\share\kicad\library/Connector.lib</uri>
    </library>
    <library logical="Connector_Generic">
      <uri>C:\Program Files\KiCad\share\kicad\library/Connector_Generic.lib</uri>
    </library>
    <library logical="Device">
      <uri>C:\Program Files\KiCad\share\kicad\library/Device.lib</uri>
    </library>
    <library logical="Mechanical">
      <uri>C:\Program Files\KiCad\share\kicad\library/Mechanical.lib</uri>
    </library>
    <library logical="SMM4F5.0">
      <uri>C:/Users/Clemens/Desktop/Space_Team_SAT1/KICAD/SMM4F5-0A/KiCAD/2021-11-11_19-29-48/2021-11-11_19-29-48.lib</uri>
    </library>
    <library logical="SPV1040T">
      <uri>C:/Users/Clemens/Desktop/Space_Team_SAT1/KICAD/SPV1040T_KICAD/SPV1040T.lib</uri>
    </library>
    <library logical="STPS120MF">
      <uri>C:/Users/Clemens/Desktop/Space_Team_SAT1/KICAD/STPS120MF_KICAD/KiCAD/2021-11-11_19-22-32/2021-11-11_19-22-32.lib</uri>
    </library>
    <library logical="STS1_template-rescue">
      <uri>C:\Users\Clemens\Downloads\SPV_1040T_Prototyp\STS1_1040_SSC\STS1_PCB_TEMPLATE-master/STS1_template-rescue.lib</uri>
    </library>
  </libraries>
  <nets>
    <net code="1" name="VCC">
      <node ref="C2" pin="1"/>
      <node ref="C1" pin="1"/>
      <node ref="J1" pin="2"/>
      <node ref="R1" pin="1"/>
      <node ref="L1" pin="1"/>
    </net>
    <net code="2" name="+5V">
      <node ref="R4" pin="2"/>
      <node ref="R6" pin="2"/>
      <node ref="CR1" pin="1"/>
      <node ref="R3" pin="1"/>
      <node ref="J2" pin="1"/>
    </net>
    <net code="3" name="GND">
      <node ref="CSBI_1" pin="20"/>
      <node ref="CSBI_1" pin="2"/>
      <node ref="CSBI_2" pin="41"/>
      <node ref="CSBI_2" pin="49"/>
      <node ref="C1" pin="2"/>
      <node ref="CSBI_1" pin="3"/>
      <node ref="C4" pin="1"/>
      <node ref="CSBI_1" pin="39"/>
      <node ref="CSBI_1" pin="4"/>
      <node ref="CSBI_1" pin="19"/>
      <node ref="CSBI_1" pin="40"/>
      <node ref="CSBI_1" pin="1"/>
      <node ref="CSBI_1" pin="10"/>
      <node ref="C2" pin="2"/>
      <node ref="CSBI_1" pin="26"/>
      <node ref="CSBI_1" pin="50"/>
      <node ref="CSBI_1" pin="47"/>
      <node ref="CSBI_1" pin="25"/>
      <node ref="CSBI_1" pin="48"/>
      <node ref="CSBI_1" pin="49"/>
      <node ref="CSBI_1" pin="9"/>
      <node ref="CSBI_2" pin="28"/>
      <node ref="C5" pin="2"/>
      <node ref="CSBI_2" pin="27"/>
      <node ref="CR1" pin="2"/>
      <node ref="R5" pin="1"/>
      <node ref="H1" pin="1"/>
      <node ref="C6" pin="2"/>
      <node ref="H2" pin="1"/>
      <node ref="H4" pin="1"/>
      <node ref="CSBI_2" pin="48"/>
      <node ref="CSBI_2" pin="47"/>
      <node ref="CSBI_2" pin="42"/>
      <node ref="CSBI_2" pin="50"/>
      <node ref="CSBI_2" pin="20"/>
      <node ref="CSBI_2" pin="2"/>
      <node ref="J1" pin="1"/>
      <node ref="J2" pin="2"/>
      <node ref="CSBI_2" pin="3"/>
      <node ref="CSBI_2" pin="1"/>
      <node ref="CSBI_2" pin="4"/>
      <node ref="U3" pin="2"/>
      <node ref="H3" pin="1"/>
      <node ref="CSBI_2" pin="19"/>
    </net>
    <net code="4" name="Net-(C3-Pad1)">
      <node ref="R3" pin="2"/>
      <node ref="C3" pin="1"/>
      <node ref="U3" pin="6"/>
    </net>
    <net code="5" name="Net-(C3-Pad2)">
      <node ref="R2" pin="2"/>
      <node ref="U3" pin="7"/>
      <node ref="C3" pin="2"/>
    </net>
    <net code="6" name="Net-(C6-Pad1)">
      <node ref="C6" pin="1"/>
      <node ref="U3" pin="5"/>
      <node ref="R5" pin="2"/>
      <node ref="R4" pin="1"/>
    </net>
    <net code="7" name="Net-(C5-Pad1)">
      <node ref="R2" pin="1"/>
      <node ref="R6" pin="1"/>
      <node ref="U2" pin="2"/>
      <node ref="U3" pin="4"/>
      <node ref="C5" pin="1"/>
    </net>
    <net code="8" name="/STS1_connector/EDU_Heartbeat">
      <node ref="CSBI_1" pin="13"/>
      <node ref="CSBI_1" pin="14"/>
    </net>
    <net code="9" name="/STS1_connector/EDU_EN">
      <node ref="CSBI_1" pin="21"/>
      <node ref="CSBI_1" pin="22"/>
    </net>
    <net code="10" name="/STS1_connector/EDU_UPDATE">
      <node ref="CSBI_1" pin="23"/>
      <node ref="CSBI_1" pin="24"/>
    </net>
    <net code="11" name="/STS1_connector/EPS_CHARGING">
      <node ref="CSBI_2" pin="26"/>
      <node ref="CSBI_2" pin="25"/>
    </net>
    <net code="12" name="/STS1_connector/EPS_ANT_DEPLOYED">
      <node ref="CSBI_2" pin="23"/>
      <node ref="CSBI_2" pin="24"/>
    </net>
    <net code="13" name="/STS1_connector/EPS_BAT_GOOD">
      <node ref="CSBI_2" pin="21"/>
      <node ref="CSBI_2" pin="22"/>
    </net>
    <net code="14" name="/STS1_connector/UCI_COBC_3V3">
      <node ref="CSBI_2" pin="17"/>
      <node ref="CSBI_2" pin="18"/>
    </net>
    <net code="15" name="Net-(L1-Pad2)">
      <node ref="L1" pin="2"/>
      <node ref="U3" pin="3"/>
      <node ref="U2" pin="1"/>
    </net>
    <net code="16" name="Net-(C4-Pad2)">
      <node ref="C4" pin="2"/>
      <node ref="U3" pin="1"/>
      <node ref="R1" pin="2"/>
      <node ref="U3" pin="8"/>
    </net>
    <net code="17" name="VBUS">
      <node ref="CSBI_2" pin="44"/>
      <node ref="CSBI_2" pin="46"/>
      <node ref="CSBI_2" pin="45"/>
      <node ref="CSBI_1" pin="5"/>
      <node ref="CSBI_1" pin="6"/>
      <node ref="CSBI_1" pin="7"/>
      <node ref="CSBI_1" pin="8"/>
      <node ref="CSBI_2" pin="43"/>
    </net>
    <net code="18" name="Net-(CSBI_1-Pad41)">
      <node ref="CSBI_1" pin="41"/>
      <node ref="CSBI_1" pin="42"/>
    </net>
    <net code="19" name="Net-(CSBI_2-Pad11)">
      <node ref="CSBI_2" pin="11"/>
      <node ref="CSBI_2" pin="12"/>
    </net>
    <net code="20" name="Net-(CSBI_2-Pad10)">
      <node ref="CSBI_2" pin="9"/>
      <node ref="CSBI_2" pin="10"/>
    </net>
    <net code="21" name="Net-(CSBI_2-Pad5)">
      <node ref="CSBI_2" pin="5"/>
      <node ref="CSBI_2" pin="6"/>
    </net>
    <net code="22" name="Net-(CSBI_1-Pad11)">
      <node ref="CSBI_1" pin="12"/>
      <node ref="CSBI_1" pin="11"/>
    </net>
    <net code="23" name="Net-(CSBI_1-Pad45)">
      <node ref="CSBI_1" pin="45"/>
      <node ref="CSBI_1" pin="46"/>
    </net>
    <net code="24" name="Net-(CSBI_1-Pad43)">
      <node ref="CSBI_1" pin="43"/>
      <node ref="CSBI_1" pin="44"/>
    </net>
    <net code="25" name="Net-(CSBI_2-Pad7)">
      <node ref="CSBI_2" pin="7"/>
      <node ref="CSBI_2" pin="8"/>
    </net>
    <net code="26" name="/STS1_connector/COBC_SPI_5">
      <node ref="CSBI_2" pin="38"/>
      <node ref="CSBI_2" pin="37"/>
    </net>
    <net code="27" name="/STS1_connector/COBC_SPI_6">
      <node ref="CSBI_2" pin="40"/>
      <node ref="CSBI_2" pin="39"/>
    </net>
    <net code="28" name="/STS1_connector/UART_COBC_EDU_1">
      <node ref="CSBI_1" pin="15"/>
      <node ref="CSBI_1" pin="16"/>
    </net>
    <net code="29" name="/STS1_connector/UART_COBC_EDU_2">
      <node ref="CSBI_1" pin="18"/>
      <node ref="CSBI_1" pin="17"/>
    </net>
    <net code="30" name="/STS1_connector/COBC_SPI_4">
      <node ref="CSBI_2" pin="36"/>
      <node ref="CSBI_2" pin="35"/>
    </net>
    <net code="31" name="/STS1_connector/EDU_SPI_5">
      <node ref="CSBI_1" pin="35"/>
      <node ref="CSBI_1" pin="36"/>
    </net>
    <net code="32" name="/STS1_connector/EDU_SPI_1">
      <node ref="CSBI_1" pin="28"/>
      <node ref="CSBI_1" pin="27"/>
    </net>
    <net code="33" name="/STS1_connector/EDU_SPI_2">
      <node ref="CSBI_1" pin="29"/>
      <node ref="CSBI_1" pin="30"/>
    </net>
    <net code="34" name="/STS1_connector/EDU_SPI_3">
      <node ref="CSBI_1" pin="31"/>
      <node ref="CSBI_1" pin="32"/>
    </net>
    <net code="35" name="/STS1_connector/EDU_SPI_4">
      <node ref="CSBI_1" pin="34"/>
      <node ref="CSBI_1" pin="33"/>
    </net>
    <net code="36" name="/STS1_connector/EDU_SPI_6">
      <node ref="CSBI_1" pin="38"/>
      <node ref="CSBI_1" pin="37"/>
    </net>
    <net code="37" name="/STS1_connector/UCI_COBC_UART_1">
      <node ref="CSBI_2" pin="13"/>
      <node ref="CSBI_2" pin="14"/>
    </net>
    <net code="38" name="/STS1_connector/UCI_COBC_UART_2">
      <node ref="CSBI_2" pin="16"/>
      <node ref="CSBI_2" pin="15"/>
    </net>
    <net code="39" name="/STS1_connector/COBC_SPI_1">
      <node ref="CSBI_2" pin="29"/>
      <node ref="CSBI_2" pin="30"/>
    </net>
    <net code="40" name="/STS1_connector/COBC_SPI_2">
      <node ref="CSBI_2" pin="32"/>
      <node ref="CSBI_2" pin="31"/>
    </net>
    <net code="41" name="/STS1_connector/COBC_SPI_3">
      <node ref="CSBI_2" pin="34"/>
      <node ref="CSBI_2" pin="33"/>
    </net>
  </nets>
</export>
