Reference, Value, Footprint, Datasheet, MANUFACTURER, PARTREV, STANDARD
"FID1","Fiducial","Fiducial:Fiducial_0.75mm_Mask1.5mm","~"
"FID2","Fiducial","Fiducial:Fiducial_0.75mm_Mask1.5mm","~"
"FID3","Fiducial","Fiducial:Fiducial_0.75mm_Mask1.5mm","~"
"FID4","Fiducial","Fiducial:Fiducial_0.75mm_Mask1.5mm","~"
"H1","MountingHole_Pad","MountingHole:MountingHole_4.3mm_M4_Pad_Via","~"
"H2","MountingHole_Pad","MountingHole:MountingHole_4.3mm_M4_Pad_Via","~"
"H3","MountingHole_Pad","MountingHole:MountingHole_4.3mm_M4_Pad_Via","~"
"H4","MountingHole_Pad","MountingHole:MountingHole_4.3mm_M4_Pad_Via","~"
"U1","coordinate_system","STS:Coordinates",""
"FID5","Fiducial","Fiducial:Fiducial_0.75mm_Mask1.5mm","~"
"FID6","Fiducial","Fiducial:Fiducial_0.75mm_Mask1.5mm","~"
"FID7","Fiducial","Fiducial:Fiducial_0.75mm_Mask1.5mm","~"
"FID8","Fiducial","Fiducial:Fiducial_0.75mm_Mask1.5mm","~"
"U3","SPV1040T","SPV1040T_KICAD:SOP65P640X120-8N","","ST Microelectronics","7","IPC7351B"
"U2","STPS120MF","STPS120MF:STPS120MF",""
"C2","10µF","Capacitor_Tantalum_SMD:CP_EIA-6032-28_Kemet-C","~"
"L1","10µH","Inductor_SMD:L_Vishay_IHLP-4040","~"
"R1","1k","Resistor_SMD:R_1206_3216Metric_Pad1.30x1.75mm_HandSolder","~"
"C4","1nF","Capacitor_SMD:C_1210_3225Metric","~"
"C1","10µF","Capacitor_Tantalum_SMD:CP_EIA-6032-28_Kemet-C","~"
"C5","22µF","Capacitor_Tantalum_SMD:CP_EIA-6032-15_Kemet-U_Pad2.25x2.35mm_HandSolder","~"
"R3","1k","Resistor_SMD:R_1206_3216Metric_Pad1.30x1.75mm_HandSolder","~"
"R2","1k","Resistor_SMD:R_1206_3216Metric_Pad1.30x1.75mm_HandSolder","~"
"C3","10µF","Capacitor_Tantalum_SMD:CP_EIA-6032-28_Kemet-C","~"
"J1","Screw_Terminal_01x02","TerminalBlock_4Ucon:TerminalBlock_4Ucon_1x02_P3.50mm_Horizontal","~"
"J2","Screw_Terminal_01x02","TerminalBlock_4Ucon:TerminalBlock_4Ucon_1x02_P3.50mm_Horizontal","~"
"C6","1nF","Capacitor_SMD:C_1210_3225Metric","~"
"R5","1k","Resistor_SMD:R_1206_3216Metric_Pad1.30x1.75mm_HandSolder","~"
"CR1","SMM4F5.0A-TR","SMM4F5-0A:SMM4F5.0A-TR",""
"R4","3k","Resistor_SMD:R_1206_3216Metric_Pad1.30x1.75mm_HandSolder","~"
"R6","220m","Resistor_SMD:R_1206_3216Metric_Pad1.30x1.75mm_HandSolder","~"
"CSBI_1","Conn_02x25_Odd_Even","Connector_PinHeader_2.00mm:PinHeader_2x25_P2.00mm_Vertical","~"
"CSBI_2","Conn_02x25_Odd_Even","Connector_PinHeader_2.00mm:PinHeader_2x25_P2.00mm_Vertical","~"
